Precio, Calidad, Costo de mantenimiento
1, 3, 4
0.3333333333333333333333333333333333333333333,1,3
0.25, 0.3333333333333333333333333333333333333333,1