Costo, Herramientas, Personalización, Soporte
1, 4, 0.5, 6
0.25, 1, 0.166666666666666666666666666666666666667, 3
2, 6, 1, 8
0.1666666666666666666666666666666666667, 0.333333333333333333333333333333333333, 0.125, 1